Feature,Importance
car_age,0.2522230822305236
Make_Mercedes,0.18626668290910292
Make_BMW,0.06891786845227024
mileage,0.06508523836003986
mileage_per_year,0.04267368617913959
Make_Porsche,0.032759369818319846
Make_Land Rover,0.030995387992747696
Model_G Class,0.029282575211025685
Automatic Transmission_Yes,0.01067230770869802
Make_Skoda,0.010489232322025427
Make_Audi,0.010411851524819417
Automatic Transmission_No,0.010173307312885068
Model_Land Cruiser,0.009697700030176247
Model_Sportage,0.008598046366953275
Model_Fortuner,0.008588779532402026
Model_Prado,0.006983979619319008
Model_X6 M,0.006928812266432788
City_Heliopolis,0.006824837591480352
Model_Range Rover Sport,0.00681881525604864
Make_Jeep,0.0063853281125480785
Model_Cayenne,0.006133745070884106
Model_Pajero,0.005462517545806421
Color_Black,0.005434471637112735
Model_Tucson,0.004752163596873407
Model_Grand Cherokee,0.004664296851369146
Model_Sunny,0.004651249734193826
Model_GLS,0.004544457472182524
City_Tagamo3 - New Cairo,0.004024423030156924
Color_White,0.003873778763395309
Make_Volkswagen,0.0038161558407420644
Color_Gray,0.0037559168555319003
Model_Q7,0.0036501727056210565
Make_Peugeot,0.003617812594283431
Make_Lexus,0.003500797045091311
Make_Toyota,0.0029844977449801544
City_Cairo,0.0027323400864413976
Air Conditioner_Yes,0.0027210660142579536
Model_Kodiaq,0.0026591458435729397
Make_Kia,0.0025930442664313896
Air Conditioner_No,0.0024458449770314644
Power Steering_Yes,0.002403872650422299
Model_Range Rover Vogue,0.0022782934168308813
Color_Silver,0.0022498376753442174
City_6 October,0.0022282428429857702
Model_GLC 300,0.002214416862822958
Power Steering_No,0.0022112799703436865
Model_C 180,0.002177752944845664
Make_Volvo,0.0019995890004385736
Make_Chevrolet,0.0018469666573341396
Model_318,0.0017670507529738088
Make_Maserati,0.0017176019102621914
Remote Control_Yes,0.001641554678337911
Model_CLA 200,0.0016018544890606327
City_Nasr city,0.0015281365219574825
Remote Control_No,0.001510446454843694
Make_Byd,0.0014756919211502408
Make_Suzuki,0.0014754012013661044
Model_301,0.001412970738571582
Model_3008,0.001392653446370213
Model_Tucson Turbo GDI,0.0013867233472089717
City_Sheraton,0.001358222477183494
City_Mohandessin,0.0013433612255933298
Make_Aston Martin,0.001308531471107805
Make_Chery,0.0012868076954032437
Model_Logan,0.0012556672717818622
Make_Tesla,0.0012399402901414312
Model_X6,0.0012116248328464486
Model_X5,0.0011940623593713468
Model_Tucson GDI,0.0011744050028317582
Model_Tiguan,0.0011655408552649826
City_Alexandria,0.0011193055163067481
Model_525,0.0010508037466201892
Color_Dark blue,0.00104434997320906
Model_Sorento,0.0009949423678416993
Model_Mokka,0.0009907853341400404
Model_X5 M,0.000990777975243136
Model_Corolla,0.000986218246994202
Model_Arrizo 5,0.0009807823046702573
Model_740,0.0009719999867457157
Model_Optra,0.0009482302974215071
City_Giza,0.0009345675381378247
Make_Honda,0.0009070919831079584
Model_Insignia,0.0008686546526087123
Model_Durango,0.0008642389663011315
Model_Velar,0.0008482420936382247
Make_Dodge,0.0008153831838928247
Model_DS7,0.0008113570227957778
Make_Hyundai,0.0008011552378336607
Model_GLE,0.0007945603025461423
Make_Seat,0.0007666153625008232
Model_Patrol,0.0007580569031848675
Model_XC90,0.0007375304715189616
Model_Macan,0.0007289785502703346
Make_Nissan,0.0007108417330462859
Model_C5 Aircross,0.0007041918269456832
Model_E 200,0.0006981500006597212
City_Sheikh Zayed City,0.0006798909233813812
Model_X1,0.0006552293361745624
Model_Range Rover Evoque,0.0006410309065372268
Color_Red,0.000639899285385533
Color_Blue,0.0006389717991795066
Model_C 200,0.0006335326335239683
Make_Fiat,0.0006146294811306721
Model_E 300,0.000607429568489046
Model_5008,0.0006047017038424887
Model_Renegade,0.0005760584975598455
Model_Qashqai,0.0005710498891339372
Model_GLC 200,0.0005677923434883416
Color_Dark grey,0.000552455174778101
Model_Grandland,0.000548272110380644
City_El Haram,0.0005419556161531376
Make_Geely,0.0004881718239147771
Model_F3,0.0004803458893559623
Model_Ateca,0.0004687998647561043
Model_GLA,0.00046576926159043816
Model_A 200,0.0004647824465284457
Model_Verna,0.00045665621531552555
Make_Mitsubishi,0.0004526240532042381
Make_Renault,0.0004340472108703619
Make_Lada,0.00043024835004013055
Model_X4,0.00041212558243646625
Model_E 200 AMG,0.0004020673828723514
Make_MG,0.00039746189679305653
Model_S 500,0.000389841731870855
Model_5,0.00038332558158031825
Model_520,0.00038161960507081955
Model_X3,0.0003689985483586717
Model_Octavia A7,0.0003618639002308145
Model_Tarraco,0.00035930334125104375
Model_508,0.00035781100561971214
City_Maadi,0.0003545006176839576
Color_Petroleum,0.00035165104410341946
Make_Opel,0.00035154409426730075
Make_Ford,0.00035145196939805935
Model_320,0.000348107244087911
Model_Passat,0.00034699899605924995
Make_Changan,0.00031991803194589253
Model_200,0.0003188598193804822
Make_Speranza,0.0003026223805763839
City_Zagazig,0.0002988376225817745
Make_Ds,0.0002904512494328564
Model_Aveo,0.0002880947241423671
Model_IX 35,0.00027850207629459296
Make_Citroën,0.0002767800062677962
Model_Elantra HD,0.0002730777506207708
Model_Model X,0.00026652603470347827
Model_Kadjar,0.00026358349169965697
Make_Cupra,0.00026092709126185944
Model_Elantra CN7,0.0002530738612513341
Model_218 i,0.00025134324807591935
Make_Jaguar,0.00025131255997458554
Model_Fusion,0.00024667934414369203
Model_HS,0.00022871043185036162
Model_Wrangler,0.00022556905269276008
Make_Mini,0.0002242305914991095
Model_Leon,0.00022338127656965442
Model_Accord,0.00022146262262739768
Model_CLA 180,0.00021829725160943297
Model_C 200 AMG,0.00021172461389317178
City_Mansoura,0.0002075333049308756
Color_Orange,0.0002072709388477302
City_Sadat City,0.00020339892141258832
Model_Granta,0.00020080835237832657
Model_Lanos,0.0002003733397406157
Model_Picanto,0.0001926689707298553
Model_Captiva,0.0001850862932615719
Model_Tiggo 3,0.00017806470494919398
Model_GLC 200 AMG Imported,0.00017676246754923206
Model_C5,0.00016836671235082344
Model_Equinox,0.00016728161316618363
Model_Civic,0.00016536988611982973
City_Beni Suef,0.00016377557929960263
Model_Eclipse Cross,0.00016268127054405422
Make_Infiniti,0.00015976071037584604
Make_Jac,0.0001538097134483945
Model_X7,0.00015290370986300144
Make_Proton,0.00015036211682832503
Model_B 180,0.00014442889414001595
Model_Tipo,0.00014038151695507198
Color_Bronze,0.00013698523392712784
Model_Elantra MD,0.00013221324229478466
Model_Accent RB,0.00013164025722285291
City_Hurghada,0.00012817610619794107
Model_Kuga,0.00012437628302821815
City_Damietta,0.0001227733985455327
Model_M4,0.00011861449445846286
Color_Brown,0.00011732281623015532
Color_Gold,0.00011719793189112779
Model_2008,0.00011548961394274126
Model_B 160,0.00011427437324597719
Model_750,0.0001141486577631545
City_Tanta,0.00010978109063448803
Make_Isuzu,0.00010824600062084331
Model_Megane,0.000104146009390671
Model_A6,0.00010239828192041216
Model_E 180,0.0001006815741628449
Model_Duster,9.995710908066853e-05
Make_Chrysler,9.890764662954477e-05
Model_A 45 AMG,9.807288936076192e-05
Model_D max,9.721669262069787e-05
Model_Formentor,9.682590012578765e-05
Model_316,9.21674732893476e-05
Model_Lancer EX Shark,9.098252731152771e-05
Model_Sentra,8.934751393671671e-05
Model_Carens,8.860895599499232e-05
City_Madinaty,8.77657687849721e-05
Model_Sandero Step Way,8.703420778287272e-05
Color_Dark red,8.458312890353372e-05
City_Monufia,8.446352660089808e-05
Make_DFSK,8.385341970547235e-05
Model_Cerato,8.25665835018358e-05
City_Kafr el-Sheikh,8.083300935983622e-05
Model_Charger,8.069764505416573e-05
Model_Xceed,7.787068885345327e-05
Model_EQA,7.69686032385328e-05
Model_Tiggo 7,7.691013074060258e-05
Make_Alfa Romeo,7.536201327618328e-05
Model_Elantra AD,7.497055493947803e-05
City_Obour City,7.4312857983961e-05
Color_Mocha,7.392192343175284e-05
Make_Jetour,7.336807621398699e-05
City_Zamalek,7.249930571879719e-05
City_Ismailia,7.072667848476746e-05
Model_Emgrand 7,7.036083318906606e-05
Model_Q3,6.984081758806936e-05
Model_Octavia A4,6.95209159118126e-05
City_Pyramids Gardens,6.89676451853164e-05
Model_Navigator,6.760391210151085e-05
Model_Envy,6.735063226904845e-05
Model_Fantasia,6.667477937304466e-05
Model_6,6.646636307571652e-05
Model_N300,6.634689388960565e-05
Model_Saga,6.519443376607251e-05
Model_Wrangler Unlimited,6.491399485900288e-05
Model_Matrix,6.324522712954123e-05
Model_ID 4,6.29156657332642e-05
Model_Eclipse,6.279175094825767e-05
Model_Astra,6.21151969459522e-05
Model_Dart,6.164501662646839e-05
Model_Yaris,6.153061482993093e-05
Model_E 350,6.033429698828762e-05
Model_Elantra,5.868775724362641e-05
Model_Turan,5.786796512230755e-05
Model_Saipa,5.7829686797814907e-05
Model_Jetta,5.756066583597829e-05
Model_H6,5.707429699455264e-05
Model_500 X,5.7021615098582435e-05
Model_Superb,5.656767254352327e-05
Model_Hilux,5.6431243216513995e-05
Model_Creta,5.640301200960403e-05
Model_Avante,5.581934209125334e-05
Make_Subaru,5.493281846237874e-05
Model_XV,5.473990962807496e-05
Model_Cherokee,5.438710236369457e-05
City_Damanhur,5.4097279906636295e-05
Model_A3,5.394719647309776e-05
Model_Octavia A8,5.35348899597813e-05
Model_E 250,5.2494676436921914e-05
Make_Haval,5.1809006588874694e-05
Model_C Elysee,5.1787554528854276e-05
City_Port Said,5.135525189691446e-05
Model_Cruze,5.133868697265107e-05
Model_Octavia A5,5.0851712324414756e-05
City_Suez,5.0832048709094975e-05
Model_CC,4.984475861899252e-05
Make_Daihatsu,4.960907083269962e-05
Model_Ibiza,4.878360237261455e-05
Color_Champagne,4.8293128099155794e-05
Model_Tiggo 8,4.784162276319959e-05
Model_Rx5,4.491851786625737e-05
City_Al Shorouk,4.432910063249262e-05
Make_Daewoo,4.413800374383471e-05
Model_A 180,4.3988164121778884e-05
Model_ZS,4.287560825352902e-05
Model_Range Rover,4.204400154558644e-05
City_Shobra,4.1314120087520946e-05
Color_Cyan,4.1080169187836626e-05
Model_Tiggo,4.0454347714018456e-05
Model_Imperial,4.0104109096410116e-05
Model_Rio,3.9949149096147964e-05
Model_Grand Cerato,3.9719983058478605e-05
Model_Tiggo 7 pro,3.94647804224729e-05
Model_Ram,3.9046734718303455e-05
City_Beheira,3.9001180491093325e-05
Make_Brilliance,3.889093384731797e-05
City_El Mahalla,3.8856383780911776e-05
Model_Juke,3.846238120587257e-05
Model_T-Roc,3.830057604093592e-05
Model_C4 Grand Picasso,3.811780557686132e-05
City_Dokki,3.789536633575415e-05
Model_XC60,3.71710069362503e-05
Model_N-Series,3.692084333187945e-05
City_10th of Ramadan,3.5888189535693644e-05
Model_C-HR,3.544389669789291e-05
City_Dakahlia,3.5066316860807984e-05
Model_Cooper,3.4776026284940316e-05
Model_XC 40,3.3892564682651116e-05
City_Helwan,3.386181019167216e-05
Make_Kenbo,3.3813562479052196e-05
Model_T-Series,3.367329716830547e-05
Model_X70,3.3500833548114064e-05
Model_Sandero,3.345975345939725e-05
Model_B 150,3.291341925024048e-05
Make_Lincoln,3.217469766468811e-05
City_Qalyubia,3.1712497599464045e-05
Model_A4,3.150237190894921e-05
Make_Mazda,3.1350057454844874e-05
Model_Belta,3.126706700638243e-05
Make_Faw,3.096601061361896e-05
Model_A5,3.0558154983160455e-05
Model_GLK 250,3.02562251117911e-05
Model_Swift Dzire,3.0245168604440596e-05
Model_408,2.9167276865075385e-05
Model_Lancer Puma,2.798630857961016e-05
Color_Green,2.773046846628442e-05
Model_I20,2.7330217515114594e-05
Model_Malibu,2.7321866896746694e-05
Model_530,2.7091323591605905e-05
Model_Van,2.705888499626276e-05
Model_Polo,2.7054609162760225e-05
Model_CLA 45 AMG,2.684840270753845e-05
Model_Soul,2.6360286879279153e-05
Model_Ciaz,2.5768752088318406e-05
Model_I3,2.5566845786893764e-05
City_Shibin el Kom,2.5192001570116916e-05
Model_Golf 7,2.436480691321062e-05
City_El Minya,2.375104423011492e-05
Model_A1,2.3736819654548676e-05
Color_Beige,2.368168881323134e-05
Model_B 200,2.3646676488298332e-05
Model_XF,2.3311235096202662e-05
Make_Ssang Yong,2.3117419982011705e-05
Model_Camaro,2.3057421619383886e-05
Model_S60,2.265554348565899e-05
City_Sohag,2.2257285826013432e-05
Model_Grand terios,2.2126588745182646e-05
Model_K3,2.1434593126307636e-05
Model_Liberty,2.1323165197109402e-05
Model_Pickup,2.0609086409402944e-05
Model_Arona,2.012336656970975e-05
City_Mokattam,2.0017175317964683e-05
Model_118,1.9992453284414206e-05
Model_Corsa,1.9878384635745517e-05
Model_X-Type,1.9844411422124703e-05
Model_3,1.9428847940693698e-05
Model_A516,1.907568297882205e-05
Model_GX3 Pro,1.8475067285997302e-05
Model_Rush,1.7805056864394405e-05
Model_Seltos,1.7773072460581905e-05
Model_Fluence,1.7493281779582384e-05
Make_Canghe,1.7254878281726444e-05
City_Asyut,1.6983876443791152e-05
Model_Komodo,1.655558457051392e-05
Model_Q5,1.6404785710305317e-05
Model_Accent,1.6279891885811757e-05
Model_I10,1.6169015058257742e-05
Model_Lacetti,1.606588641887827e-05
Model_X3 M,1.5993234128381925e-05
Model_Crossland,1.5274979313748008e-05
Model_Xpander,1.5021146172327655e-05
Model_Benni,1.5019636808983918e-05
Model_Vectra,1.4590669856311469e-05
Model_C 300,1.457013005081316e-05
City_Faiyum,1.452655241073655e-05
City_Sharqia,1.432404550603991e-05
City_Qena,1.4299430987625403e-05
Make_Emgrand,1.3963247938338658e-05
Model_L3,1.3885784699589056e-05
Make_Saipa,1.3743875006943873e-05
Model_X4M,1.3556119806604618e-05
Model_CS 15,1.3500040338731529e-05
Model_116,1.3277981245254882e-05
City_El Qanater El Khayreya,1.3224779569847045e-05
Model_Carnival,1.30198867349664e-05
Model_Focus,1.2950611770548746e-05
Model_Attrage,1.2932352669025518e-05
Model_ID 6,1.2931352622110221e-05
Model_405,1.2929437094550574e-05
Model_Nubira 2,1.2715510385303264e-05
City_Banha,1.2673333499576673e-05
Model_Vitara,1.2388187776654403e-05
Model_440i,1.195435111873529e-05
City_Amreya,1.172561626170956e-05
City_Gharbia,1.159472780614752e-05
Model_C 250,1.1327349201682138e-05
Model_Country man,1.1185375624190267e-05
Model_Torres,1.0928501214863707e-05
Model_X95,1.0798638952963885e-05
Model_S3,1.064730306219041e-05
Model_Pick up,1.063938231627352e-05
Model_250,1.0585662992725823e-05
City_Sharm el-Sheikh,1.0504409684012436e-05
Model_Fabia,1.0310361928200813e-05
Model_Pointer,1.0293558931931326e-05
Model_Touareg,1.016733713001263e-05
Model_N200,1.003899370486964e-05
Model_Cayenne S,9.979274095499861e-06
Model_Karoq,9.706831113094507e-06
Model_2107,9.399297396580208e-06
Model_Forte,9.157151904112775e-06
Model_Caddy,9.090581401487387e-06
Color_Eggplant,9.025679543337553e-06
City_Zefta,8.936338707990671e-06
Model_S Presso,8.837982664288596e-06
Model_Tivoli XLV,8.794141939996937e-06
Model_Solaris,8.629144780813044e-06
Model_Toledo,8.527790304331515e-06
Model_208,8.490918057581392e-06
Model_A620,8.318030360964665e-06
Model_528,7.993530582806175e-06
Color_Dark green,7.948558758970078e-06
Make_Forthing,7.862196129946292e-06
Model_Rapid,7.30829604692807e-06
City_El Marg,7.280070324393233e-06
Model_Bravo,7.0896151307226964e-06
Model_Swift,7.063439070827531e-06
Make_Gmc,7.018417026706916e-06
Model_523,6.781493825915453e-06
City_Warraq,6.702180363663371e-06
Model_335,6.6251345535926425e-06
City_El Manial,6.563775330324083e-06
Model_Pride,6.492571256395291e-06
Model_S2,6.47829584422331e-06
Make_Lifan,6.417523925266995e-06
Model_Q2,6.408168171789614e-06
Model_220,6.27272032796867e-06
Make_Zotye,6.266143135828572e-06
Model_Galena,6.068184880018156e-06
City_Quesna,5.901820776630333e-06
Model_GLK 350,5.821123733289859e-06
Model_330,5.7993111433256215e-06
Make_Soueast,5.532587012995015e-06
Model_Shahin,5.487295213048311e-06
Model_Emgrand X7,5.385485233311423e-06
Model_Alsvin,5.383381541724377e-06
Model_Avanza,5.299864964214715e-06
Model_300,5.236748014119348e-06
City_Saft El Laban,5.081804627109326e-06
City_Mit Ghamr,5.063158375529743e-06
Model_Veloster,4.923594963914046e-06
Model_J7,4.809359312596361e-06
Model_Parati,4.7494085629740686e-06
Model_Trax,4.7011088600179945e-06
Model_Golf 4,4.673782375947482e-06
Model_Pandino,4.632723046499715e-06
Model_FRV Cross,4.5229000355709135e-06
Model_Eos,4.457842297832485e-06
Model_Q35,4.428558031460704e-06
Model_Sonata,4.411846869283766e-06
Model_EcoSport,4.397704519043085e-06
Model_E 240,4.2658818835924976e-06
Model_Countryman S,4.254461004426147e-06
City_Kafr el-Dawwar,4.236737812706626e-06
Model_Getz,4.19590637384133e-06
City_El Bagour,4.16395628261952e-06
Make_Foton,4.0911508863102155e-06
Model_330S,4.025081373977362e-06
Model_Alto,4.015882897028447e-06
Model_T600,4.0028909840669806e-06
Model_ENS1,3.998114454272141e-06
City_El Salam City,3.987298602250734e-06
City_Badr City,3.976340708829175e-06
Model_N5,3.891694601760954e-06
Model_Meriva,3.853016446885769e-06
Model_Punto,3.829616870698692e-06
Model_Maruti,3.764124418648654e-06
Model_S-Type,3.753881507041047e-06
Model_S 320,3.696931867273475e-06
Model_Spark,3.5991859331248864e-06
Model_A113,3.576837162447132e-06
Make_Baic,3.5675284850929577e-06
Model_Terios,3.555667327509508e-06
Model_JS4,3.4802674286552214e-06
Model_308,3.443743613244949e-06
Make_GAC,3.4387558151524167e-06
Model_Preve,3.409131675731019e-06
Model_Bayon,3.396322437018752e-06
Model_Bora,3.3603649601392874e-06
Model_Grand i10,3.347454230896045e-06
Model_Thunderbird,3.2809465726477745e-06
Model_C4 Picasso,3.2750908047956607e-06
City_Red Sea,3.255057703106745e-06
Model_240,3.251386440500537e-06
Model_Golf 6,3.246189375591643e-06
Model_RX5 Plus,3.240623344547086e-06
Make_Kaiyi,3.2034385573265584e-06
Model_350,3.168194615639205e-06
Model_Microbus,3.1474068660528805e-06
Model_A11,3.1444822536905805e-06
Model_Excel,3.1081680139548328e-06
Model_418,3.1043599212796103e-06
City_Ain Shams,3.0048288203505496e-06
Model_DX3,2.977582167188526e-06
Model_Lanos 2,2.93096867998047e-06
Model_307,2.9010076134471193e-06
Make_Great Wall,2.890907528617578e-06
Model_Gran max,2.889635000961234e-06
Model_EAGLE 580,2.8069612463271946e-06
Model_Baleno,2.7651579505780034e-06
Model_Accent HCI,2.7625858437681967e-06
Model_Golf,2.709034533695585e-06
Model_Peri,2.6456722880022054e-06
Color_Yellow,2.611413179809641e-06
Model_City,2.579689970386334e-06
Model_V6,2.5400570563079157e-06
Model_Mini Cooper S,2.5372843904627537e-06
Model_V5,2.442894534095497e-06
Model_C 280,2.396851101842771e-06
Model_Cool Ray,2.3516018808638204e-06
Model_Atos,2.3317582012174738e-06
Model_H1,2.3302261715885307e-06
Model_JS3,2.3281309034979315e-06
Model_Jumpy,2.314382912439468e-06
Model_X70 Plus,2.277305424294675e-06
Model_Cerato Koup,2.266705206909347e-06
City_Agamy,2.2463815422735747e-06
Model_Fx,2.202202962312659e-06
Make_Chana,2.184053671654978e-06
Model_Kamiq,2.113375927927509e-06
Model_Doblo,2.103726513907196e-06
Model_XD,2.0896168389426915e-06
Model_128,2.015916529748395e-06
Model_Jolion,1.963319485257339e-06
Model_ideal,1.925988261358608e-06
City_Imbaba,1.9029180836352003e-06
Model_Town & Country,1.8956418345104323e-06
Model_406,1.891828383683497e-06
Model_Viva,1.888411786365545e-06
Model_CS 35,1.8635902053522632e-06
Model_C3 Aircross,1.7796439895143083e-06
City_Aswan,1.7435697757417024e-06
Model_Captur,1.690753062800254e-06
Make_Dongfeng,1.6637194452975593e-06
Model_Spectra,1.6301283544852692e-06
Model_Giulietta,1.5902435569182801e-06
Model_Tiggo 8 Pro,1.5733070265485348e-06
Model_Veloz,1.4892915387417075e-06
Model_Felicia,1.4652325017287876e-06
Model_Favorit,1.4036501155347397e-06
Model_Matiz,1.381861601638588e-06
Model_360,1.3514843739403443e-06
Model_Gen 2,1.3386418635646196e-06
Model_M11,1.3263114786760587e-06
Model_Punto evo,1.2427156055314574e-06
City_Qalyub,1.238041715621164e-06
Model_Nubira 1,1.2290756050304743e-06
Model_Xplosion,1.1866959524852145e-06
Model_A213,1.1678075529370015e-06
Model_Persona,1.1394525262672167e-06
Model_Clio,1.1227531038207632e-06
Model_Siena,1.115305374590005e-06
Make_Senova,1.0998584408688153e-06
Model_Escort,1.0995830508482698e-06
Model_Tiba,1.0985650449494134e-06
Model_Mini Truck,1.0840480688621211e-06
Model_New Star,1.0672890528359006e-06
Model_Tiida,1.0587208593988503e-06
Model_Ertiga,1.03890085455997e-06
Model_FSV,1.0216875069571192e-06
Model_545,1.0082335831154602e-06
Model_Xsara,1.002103768622641e-06
Model_407,9.915220660416865e-07
City_Faqous,9.830006899915868e-07
City_Borg el arab,9.741984750974808e-07
Model_Ax,9.729401048843581e-07
Model_S5,9.639644209080277e-07
City_Menouf,9.570923101289396e-07
City_Luxor,9.457031411107433e-07
Model_Cooper Hatch,9.412048704665646e-07
Model_Sonic,9.113126039894739e-07
Model_190,8.911249689563594e-07
City_Marsa Matrouh,8.354920664429613e-07
Make_Haima,8.048715027818816e-07
Model_Lancer,8.00935255716067e-07
Model_FRV,7.821231166822651e-07
City_Dikirnis,7.509896683473684e-07
Model_Tiggo 8 pro e+,7.346785762182564e-07
Model_Flyer,7.309152248307672e-07
Model_Aeolus A30,7.305286909682493e-07
Model_Sephia,7.186696661318036e-07
Model_XTrail,7.147912490994384e-07
Model_Tempra,7.135781065357259e-07
Model_280,7.065613203501401e-07
Model_230,6.713298503577628e-07
Model_Emkoo,6.454736442979325e-07
Model_C3,6.371751429055292e-07
Model_SIRION,6.066192789972266e-07
Model_518,6.000311985027672e-07
Model_Q22,5.704282965983387e-07
Model_Galloper,5.631439731811397e-07
Model_Cascada,5.430355173995152e-07
Make_Karry,5.366704114297952e-07
Model_Clubman,5.241110521685161e-07
Make_Bestune,5.046277804475646e-07
Model_Waja,5.034155642758384e-07
Model_Suran,4.965804893718475e-07
Model_Grand vitara,4.804076385215716e-07
Model_2105,4.800456024891549e-07
Model_Impreza,4.776335630772625e-07
Model_Lancer Crystala,4.762180180150131e-07
Model_GLA 180,4.5683182766088534e-07
Model_Materia,4.5613200495536313e-07
Model_C4,4.537510065007407e-07
Model_Tivoli,4.3501956500781864e-07
Model_M3,4.337239327236332e-07
Model_Yeti,4.121976444966812e-07
City_Tala,4.1110789277289185e-07
Model_Hover,4.1063548181982926e-07
City_El Senbellawein,4.0305310859244073e-07
Model_Optima,4.0101857163324064e-07
Model_Shuma,3.9591412492829976e-07
Model_504,3.9489340459055537e-07
City_Abu Qir,3.9105434898079337e-07
City_Bilbeis,3.759278836616191e-07
Model_Ceed,3.7001227571377546e-07
City_Touhk,3.690110518369772e-07
City_Dyarb Negm,3.615174033758903e-07
Model_Golf 3,3.61340583710853e-07
City_Minya Al Qamh,3.6017430535265865e-07
Model_V3,3.589183400035699e-07
Model_Livina,3.5444722867806825e-07
Model_S4,3.3724003100260026e-07
Model_Florid,3.254252761192714e-07
Model_Grand C-Max,3.194820468330657e-07
Model_Hiace,3.052676912448194e-07
Model_Cooper Roadster,3.046136491053042e-07
Model_Leganza,3.0307590902524976e-07
Model_E 320,2.9214867479759654e-07
Model_I30,2.9030805194304734e-07
Model_505,2.8103936498858084e-07
Model_A 10,2.80126452701641e-07
Model_Echo,2.779185961893553e-07
Model_Golf 5,2.770090193687259e-07
Model_Corolla Cross,2.763367575371249e-07
Model_T500,2.7533686187210737e-07
Model_Wira,2.7181228335605027e-07
Model_131,2.6101563488514846e-07
Model_Eado,2.568091731704132e-07
Model_206,2.5191177945130956e-07
Model_Uno,2.460255544347347e-07
Model_127,2.338709424043181e-07
Model_Avensis,2.2208532516993133e-07
Model_Fiesta,2.2044318790769348e-07
Color_Olive,2.187179823672042e-07
Model_Tiggo 4,2.1212846522962952e-07
Model_325,2.118344322088244e-07
Model_Niva,2.0551923097563676e-07
City_Ashmoun,2.0323762905314397e-07
Model_C 240,2.011586019382259e-07
Model_Emgrand,1.9713380152094325e-07
Model_Celerio,1.9415845764371968e-07
Model_Voyager,1.9022101342382478e-07
Model_Octavia,1.892901397457243e-07
Model_929,1.8260935272543724e-07
Model_V101,1.822427748577358e-07
Model_Juliet,1.778152686855843e-07
Model_Cielo,1.7763966222366573e-07
Model_Eado plus,1.757656233639447e-07
Model_F0,1.7489991102596847e-07
City_El Katameya,1.736448476735471e-07
City_El-Arish,1.6715076067602233e-07
Model_J3,1.647672476535133e-07
Model_E Golf,1.613578726849698e-07
Model_Cordoba,1.5696911359750175e-07
Model_Golf 2,1.551274502490189e-07
Model_180,1.5430946143789185e-07
Model_605,1.5353106079806585e-07
Model_308 sw,1.5054712446306667e-07
Model_Mirage,1.4064740013682163e-07
Model_323,1.2663349294022913e-07
Model_Palio,1.2184247669591578e-07
City_El Wadi El Gedid,1.2014447703373267e-07
City_Kafr Shukr,1.1117043652136575e-07
Model_Glory 330,1.0754278835423426e-07
Model_Cx 3,1.0646434389061882e-07
Model_Jimmy,9.773030508013261e-08
Model_Dashing,9.273558649575527e-08
Model_C31,9.061123817148742e-08
Model_Petra,8.965159110178649e-08
Model_Florida,8.713093302678796e-08
Model_Polonez,8.437822406434791e-08
Model_Berlingo,8.299113827410055e-08
Model_Starlet,8.24796860081944e-08
Model_Maple,7.434014074865597e-08
Model_Ck2,7.366386278345424e-08
Model_MCV,7.266826904573696e-08
Model_Lobo,6.867386429696812e-08
City_Ras Gharib,6.803514934474746e-08
Model_Mira,6.771913199945938e-08
Make_Hafei,6.769783536948346e-08
Model_Ritmo,6.162353162002207e-08
Model_Beetle,6.070402035845445e-08
Model_Dogan,5.886755513691086e-08
Model_J2,5.886478400114164e-08
City_Khanka,5.6359287603472406e-08
Model_foison,5.3506289864716645e-08
Make_Hawtai,4.938497860503873e-08
Model_9,4.688575601403354e-08
Model_Duster Nova,4.642458934474202e-08
Model_S 300,4.545113709626298e-08
Model_Kancil,4.108073541379352e-08
Model_1500,3.7004481765081493e-08
Model_Cross,3.669317741002921e-08
Model_2110,3.371962344983902e-08
Model_Regata,3.2461025579698695e-08
Model_Mondeo,3.231568306465638e-08
City_Shibin El Qanater,3.2017437729676346e-08
Model_Felicia combi,3.1946306635562396e-08
Model_Familia,3.1657329809488304e-08
Model_Brava,3.00985614874917e-08
Model_Splendor,2.9614883728080196e-08
Model_Panda,2.949765515723404e-08
Model_Glory,2.8849530555955606e-08
Model_207,2.8383060277170488e-08
Model_A25,2.662457367670292e-08
Model_Espero,2.6510626707721632e-08
Model_EC 7,2.617315358098399e-08
Model_2111,2.1222693101683998e-08
Model_Arrizo 5 pro,2.0484168184535757e-08
Model_Linea,2.0178530465705015e-08
Model_Sx4,2.0147896187901844e-08
Model_132,1.9517180912187886e-08
Model_Foreman,1.9495525622068622e-08
Make_Mahindra,1.872055900314486e-08
Model_Galant,1.7793076830686955e-08
Model_K5,1.7670500286529256e-08
Model_Rainbow,1.4109181702028952e-08
City_Abu Hummus,1.2590924255917102e-08
Model_Colt,1.167941441164341e-08
Model_M12,1.045398501572179e-08
City_Kom Hamada,9.768004320865854e-09
Model_Charade,9.587310127790537e-09
City_Rosetta,9.41143022337267e-09
Model_A15,9.05046119312243e-09
Model_Racer,7.132580924338242e-09
Model_Neon,6.9621315822666765e-09
Model_626,6.365543020563963e-09
Model_Corona,5.4576022452989e-09
Model_2106,4.655608683459959e-09
Make_Datsun,2.8112040967300566e-09
Model_1200,2.7675672965673756e-09
Model_Mk,1.3098120631079026e-09
Model_124,1.2505296770641938e-09
Model_620,8.005026501187282e-10
Model_Y140,0.0
Model_Transit,0.0
Model_Trial Blazer,0.0
Color_Purple,0.0
Model_Transporter,0.0
Model_T55,0.0
Model_T700,0.0
Model_Wagoneer,0.0
Model_Town,0.0
Model_Windstar,0.0
Model_Wingle 5,0.0
Model_Tons2 / 2.5,0.0
Model_Tons 5.5,0.0
City_Edku,0.0
Make_Cadillac,0.0
City_Abu Kabir,0.0
Model_TT,0.0
City_Kom Ombo,0.0
Model_V 60,0.0
Model_Urvan,0.0
Model_V60,0.0
Model_V7,0.0
Model_Vantage,0.0
City_Marsa Alam,0.0
Model_T300,0.0
Model_T5 evo,0.0
Make_Bentley,0.0
Model_T5,0.0
Model_Viano,0.0
Model_Visto,0.0
Model_Vita,0.0
Model_T5 Evo,0.0
Model_T77 Pro,0.0
Model_X 30,0.0
Model_Tiggo 7 pro max,0.0
Model_X90,0.0
Model_Territory,0.0
Model_X35,0.0
Make_Buick,0.0
Model_ZS EV,0.0
Model_X40,0.0
Model_X70S,0.0
Model_Z4,0.0
Model_Taunus,0.0
Model_Tiburon,0.0
Model_XA,0.0
City_El-Alamein,0.0
Make_Abarth,0.0
Model_Z100,0.0
Model_Yrv,0.0
Model_X3 Pro,0.0
Model_ZX,0.0
Model_Zaz,0.0
Model_X25,0.0
Model_Terrain,0.0
City_Kafr El Zayat,0.0
Model_X2,0.0
City_New Administrative Capital,0.0
Model_Tercel,0.0
Model_Teramont,0.0
Model_Symbol,0.0
City_Kerdasa,0.0
City_El Gouna,0.0
Model_X Pandino,0.0
City_El Gamaleya,0.0
City_Safaga,0.0
Model_Taycan,0.0
Model_XE,0.0
Model_Innova,0.0
Model_Superb Combi,0.0
Model_CL Class,0.0
Model_Ck,0.0
Model_Chery QQ,0.0
Model_Charmant,0.0
Model_Caravan,0.0
Model_Caprice,0.0
Model_Camry,0.0
Model_Cadenza,0.0
Model_CS 85,0.0
Model_CS 55,0.0
Model_CS 35 Plus,0.0
Model_CRV,0.0
Model_CLS Class,0.0
Model_CLK,0.0
Model_CLA Class,0.0
Model_C8,0.0
Model_Emgrand 5,0.0
Model_C4X,0.0
Model_C30,0.0
Model_C2,0.0
Model_C 230,0.0
Make_Gaz,0.0
Model_Bronco,0.0
Model_Boxster S,0.0
Model_Bluebird,0.0
Model_Blazer,0.0
Model_Besturn,0.0
Model_B70,0.0
Model_B30,0.0
Model_Avalanche,0.0
Model_Auris,0.0
Model_Coaster,0.0
Model_Commander,0.0
Model_Compass,0.0
Model_Convertible,0.0
Model_Elantra Coupe,0.0
Model_EX7,0.0
Model_EV6,0.0
Model_EQS,0.0
Model_EQE,0.0
Model_E2000,0.0
Model_E-Tron,0.0
Model_E-2008,0.0
Model_E Class,0.0
Model_E 53 AMG,0.0
Model_E 230,0.0
Model_E 220,0.0
Model_E,0.0
Model_Dyna,0.0
Model_Ds5,0.0
Model_Discovery sport,0.0
Model_Discovery,0.0
Model_Dedra,0.0
Model_Datsun,0.0
Model_Dargo,0.0
Model_DX7,0.0
Model_DX5,0.0
Model_DS5,0.0
Model_DS3,0.0
Model_DBX,0.0
Model_Creta Grand,0.0
Model_Cressida,0.0
Model_Corsair,0.0
Model_Cooper Paceman,0.0
Model_Aurion,0.0
Model_Arrizo 3,0.0
Model_Applause,0.0
Model_232,0.0
Model_21,0.0
Model_207 SW,0.0
Model_205,0.0
Model_2017,0.0
Model_2,0.0
Model_19,0.0
Model_180B,0.0
Model_18,0.0
Model_156,0.0
Model_146,0.0
Model_133,0.0
Model_1300,0.0
Model_125,0.0
Model_121,0.0
Model_11,0.0
Model_106,0.0
Model_104,0.0
Model_1007,0.0
Model_1 Series,0.0
Model_001,0.0
Make_Zeekr,0.0
Make_Tata,0.0
Make_Sokon,0.0
Make_Smart,0.0
Make_Perodua,0.0
Make_Hummer,0.0
Make_Lotus,0.0
Make_Lancia,0.0
Make_Keyton,0.0
Model_228,0.0
Model_235,0.0
Model_Altima,0.0
Model_244,0.0
Model_Altea,0.0
Model_Adam,0.0
Model_Acadia,0.0
Model_ASX,0.0
Model_APV,0.0
Model_AMG GT,0.0
Model_A8,0.0
Model_A7,0.0
Model_A30 Shine,0.0
Model_A13,0.0
Model_A 35 AMG,0.0
Model_A 160,0.0
Model_A 140,0.0
Model_940,0.0
Model_86,0.0
Model_80,0.0
Model_760,0.0
Model_730,0.0
Model_695,0.0
Model_560,0.0
Model_500C,0.0
Model_500,0.0
Model_460,0.0
Model_420,0.0
Model_340,0.0
Model_309,0.0
Model_305,0.0
Model_3 Series,0.0
Model_25,0.0
Model_Element,0.0
Model_Emzoom,0.0
Model_Stratus,0.0
Model_Oka,0.0
Model_QX80,0.0
Model_Q8,0.0
Model_Pulsar,0.0
Model_Prius,0.0
Model_Pegas,0.0
Model_Patrol safari,0.0
Model_Pathfinder,0.0
Model_Partner,0.0
Model_Panamera S,0.0
Make_Domy,0.0
Model_Pacifica,0.0
Model_PT Cruiser,0.0
Model_Omega,0.0
Model_Okavango,0.0
Model_Odyssey,0.0
Model_Envoy,0.0
Model_Nubira,0.0
Model_Niro,0.0
Model_Naughty,0.0
Model_Musso,0.0
Model_Murano,0.0
Model_Multivan,0.0
Model_Model 3,0.0
Model_Minivan,0.0
Model_Mini Van,0.0
Model_Mini,0.0
Model_Maybach S600,0.0
Model_Maybach S500,0.0
Model_Maxima,0.0
Model_Marsh,0.0
Model_Qin Pro,0.0
Model_Qubo,0.0
Model_RCZ,0.0
Model_RV 1,0.0
Model_Stelvio,0.0
Model_Sprint,0.0
Model_Sparky,0.0
Model_Spark EV,0.0
Model_Song Plus,0.0
Model_Solara,0.0
Model_Skylark,0.0
Model_Silverado,0.0
Model_Sebring,0.0
Model_Scorpio,0.0
Model_Scenic,0.0
Model_Scala,0.0
Model_Santamo,0.0
Model_Samara,0.0
Model_S80,0.0
Model_S7,0.0
Model_S40,0.0
Model_S30,0.0
Model_S 550,0.0
Model_S 450,0.0
Model_S 350,0.0
Model_Rumion,0.0
Model_Royal,0.0
Model_Roomster,0.0
Model_Rav 4,0.0
Model_Rapide S,0.0
Model_Rapid Spaceback,0.0
Model_Ranger,0.0
Model_RX,0.0
Model_Marea,0.0
Model_MZ 40,0.0
Model_MRV,0.0
Model_Grecale,0.0
Model_Grandis,0.0
Model_Grand Santa Fe,0.0
Model_Golf 8,0.0
Model_Glory Van,0.0
Model_Giulietta Quadrifoglio Verde,0.0
Model_Ghibli,0.0
Model_Gentra,0.0
Model_Genesis,0.0
Model_Gen 3,0.0
Model_Gazelle,0.0
Model_GS,0.0
Model_GLK 300,0.0
Model_GLE 350,0.0
Model_GLC,0.0
Model_GA3,0.0
Model_Fruits,0.0
Model_Fronx,0.0
Model_Frontera,0.0
Model_Freelander,0.0
Model_Fox,0.0
Model_Fortwo,0.0
Model_Flying Spur,0.0
Model_Fiorino,0.0
Model_Family,0.0
Model_Exige,0.0
Model_Ex 7,0.0
Model_Escape,0.0
Model_Escalade,0.0
Model_Es,0.0
Model_Gratour,0.0
Model_H2,0.0
Model_MG 4,0.0
Model_H3,0.0
Model_M850,0.0
Model_M8,0.0
Model_M70,0.0
Model_M50,0.0
Model_M5,0.0
Model_Ls,0.0
Model_Lodgy,0.0
Model_Levante,0.0
Model_Legend,0.0
Model_Largus,0.0
Model_Laguna,0.0
Model_LX 570,0.0
Model_LR2,0.0
Model_L300,0.0
Model_Kicks,0.0
Model_Kalina,0.0
Model_Ka,0.0
Model_K900,0.0
Model_K01,0.0
Model_John Cooper,0.0
Model_J5,0.0
Model_Indigo,0.0
Model_IX3,0.0
Model_IX1,0.0
Model_Han,0.0
Model_Haima 3,0.0
Model_Haima 1,0.0
Model_HRV,0.0
Model_H530,0.0
Model_H100,0.0
